{"cameraMode":{"drawMode":0,"name":"Shaded","section":"Shading Mode"},"sceneLighting":false,"audioPlay":false,"sceneViewState":{"showFog":true,"showMaterialUpdate":false,"showSkybox":false,"showFlares":true,"showImageEffects":true,"showParticleSystems":true},"in2DMode":false,"pivot":{"x":34.00665283203125,"y":-1.399999976158142,"z":24.487579345703126},"rotation":{"x":0.07843699306249619,"y":0.3939526081085205,"z":-0.0337652824819088,"w":0.9151548147201538},"size":1409.7615966796875,"orthographic":false}