{"cameraMode":{"drawMode":0,"name":"Shaded","section":"Shading Mode"},"sceneLighting":true,"audioPlay":false,"sceneViewState":{"showFog":true,"showMaterialUpdate":false,"showSkybox":false,"showFlares":true,"showImageEffects":true,"showParticleSystems":true},"in2DMode":false,"pivot":{"x":65.37603759765625,"y":3.2940673828125,"z":0.5700836181640625},"rotation":{"x":-0.3835637867450714,"y":0.319079726934433,"z":-0.14318355917930604,"w":-0.854744017124176},"size":11.405245780944825,"orthographic":false}