{"cameraMode":{"drawMode":0,"name":"Shaded","section":"Shading Mode"},"sceneLighting":false,"audioPlay":false,"sceneViewState":{"showFog":true,"showMaterialUpdate":false,"showSkybox":false,"showFlares":true,"showImageEffects":true,"showParticleSystems":true},"in2DMode":false,"pivot":{"x":1.2462096214294434,"y":-2.0443434715270998,"z":-1.6354656219482422},"rotation":{"x":0.35014137625694277,"y":-0.060357432812452319,"z":0.022615959867835046,"w":0.9344789981842041},"size":21.84270477294922,"orthographic":false}