{"cameraMode":{"drawMode":0,"name":"Shaded","section":"Shading Mode"},"sceneLighting":false,"audioPlay":false,"sceneViewState":{"showFog":true,"showMaterialUpdate":false,"showSkybox":false,"showFlares":true,"showImageEffects":true,"showParticleSystems":true},"in2DMode":false,"pivot":{"x":69.80000305175781,"y":3.809999942779541,"z":-16.520000457763673},"rotation":{"x":0.1718762218952179,"y":-0.6736064553260803,"z":0.16546493768692017,"w":0.6995508074760437},"size":1.7147347927093506,"orthographic":false}