{"cameraMode":{"drawMode":0,"name":"Shaded","section":"Shading Mode"},"sceneLighting":true,"audioPlay":false,"sceneViewState":{"showFog":true,"showMaterialUpdate":false,"showSkybox":false,"showFlares":true,"showImageEffects":true,"showParticleSystems":true},"in2DMode":false,"pivot":{"x":49.94775390625,"y":1.255859375,"z":9.99755859375},"rotation":{"x":0.04931911826133728,"y":-0.9480684995651245,"z":0.2553583085536957,"w":0.18311573565006257},"size":2.390345573425293,"orthographic":true}