{"cameraMode":{"drawMode":0,"name":"Shaded","section":"Shading Mode"},"sceneLighting":false,"audioPlay":false,"sceneViewState":{"showFog":true,"showMaterialUpdate":false,"showSkybox":false,"showFlares":true,"showImageEffects":true,"showParticleSystems":true},"in2DMode":false,"pivot":{"x":15.0600004196167,"y":1.040000081062317,"z":51.0},"rotation":{"x":0.35014137625694277,"y":-0.060357432812452319,"z":0.022615959867835046,"w":0.9344789981842041},"size":5.409404754638672,"orthographic":false}