{"cameraMode":{"drawMode":0,"name":"Shaded","section":"Shading Mode"},"sceneLighting":true,"audioPlay":false,"sceneViewState":{"showFog":true,"showMaterialUpdate":false,"showSkybox":false,"showFlares":true,"showImageEffects":true,"showParticleSystems":true},"in2DMode":false,"pivot":{"x":55.63375473022461,"y":4.145374298095703,"z":35.66957473754883},"rotation":{"x":-0.023192143067717553,"y":0.8745087385177612,"z":-0.4826526641845703,"w":-0.04202095419168472},"size":14.779631614685059,"orthographic":false}