{"cameraMode":{"drawMode":0,"name":"Shaded","section":"Shading Mode"},"sceneLighting":false,"audioPlay":false,"sceneViewState":{"showFog":true,"showMaterialUpdate":false,"showSkybox":false,"showFlares":true,"showImageEffects":true,"showParticleSystems":true},"in2DMode":false,"pivot":{"x":12.608233451843262,"y":3.815488338470459,"z":51.209957122802737},"rotation":{"x":0.07843699306249619,"y":0.3939526081085205,"z":-0.0337652824819088,"w":0.9151548147201538},"size":13.258092880249024,"orthographic":false}