{"cameraMode":{"drawMode":0,"name":"Shaded","section":"Shading Mode"},"sceneLighting":true,"audioPlay":false,"sceneViewState":{"showFog":true,"showMaterialUpdate":false,"showSkybox":false,"showFlares":true,"showImageEffects":true,"showParticleSystems":true},"in2DMode":false,"pivot":{"x":64.28345489501953,"y":0.22279906272888184,"z":3.945755958557129},"rotation":{"x":0.09354673326015473,"y":-0.8973143696784973,"z":0.36506757140159609,"w":0.22987481951713563},"size":6.042078495025635,"orthographic":false}